{"cameraMode":{"drawMode":0,"name":"Shaded","section":"Shading Mode"},"sceneLighting":true,"audioPlay":false,"sceneViewState":{"m_AlwaysRefresh":false,"showFog":true,"showSkybox":true,"showFlares":true,"showImageEffects":true,"showParticleSystems":true,"showVisualEffectGraphs":true,"m_FxEnabled":true},"in2DMode":false,"pivot":{"x":46.46464538574219,"y":30.817962646484376,"z":62.291622161865237},"rotation":{"x":0.006976977456361055,"y":0.7162806987762451,"z":-0.007163316011428833,"w":0.6977527737617493},"size":54.94230651855469,"orthographic":false}